Treatment,Species,Light_Level,Replicate,Experimental_Day,Cells,Growth_Rate,P_values
P bur,P bur,0,A,0,56,,
P bur,P bur,0,B,0,50,,
P bur,P bur,0,C,0,53,,
P bur,P bur,50,A,0,55,,
P bur,P bur,50,B,0,58,,
P bur,P bur,50,C,0,49,,
P bur,P bur,100,A,0,55,,
P bur,P bur,100,B,0,53,,
P bur,P bur,100,C,0,42,,
P bur,P bur,200,A,0,43,,
P bur,P bur,200,B,0,44,,
P bur,P bur,200,C,0,48,,
P bur,P bur,0,A,1,58,,
P bur,P bur,0,B,1,59,,
P bur,P bur,0,C,1,48,,
P bur,P bur,50,A,1,41,,
P bur,P bur,50,B,1,39,,
P bur,P bur,50,C,1,53,,
P bur,P bur,100,A,1,37,,
P bur,P bur,100,B,1,65,,
P bur,P bur,100,C,1,45,,
P bur,P bur,200,A,1,43,,
P bur,P bur,200,B,1,46,,
P bur,P bur,200,C,1,67,,
P bur,P bur,0,A,4,32,,
P bur,P bur,0,B,4,40,,
P bur,P bur,0,C,4,41,,
P bur,P bur,50,A,4,43,,
P bur,P bur,50,B,4,48,,
P bur,P bur,50,C,4,56,,
P bur,P bur,100,A,4,60,,
P bur,P bur,100,B,4,77,,
P bur,P bur,100,C,4,77,,
P bur,P bur,200,A,4,81,,
P bur,P bur,200,B,4,74,,
P bur,P bur,200,C,4,67,,
P bur,P bur,0,A,7,27,,
P bur,P bur,0,B,7,29,,
P bur,P bur,0,C,7,27,,
P bur,P bur,50,A,7,60,,
P bur,P bur,50,B,7,60,,
P bur,P bur,50,C,7,100,,
P bur,P bur,100,A,7,127,,
P bur,P bur,100,B,7,156,,
P bur,P bur,100,C,7,132,,
P bur,P bur,200,A,7,98,,
P bur,P bur,200,B,7,117,,
P bur,P bur,200,C,7,98,,
P bur,P bur,0,A,11,16,,
P bur,P bur,0,B,11,32,,
P bur,P bur,0,C,11,35,,
P bur,P bur,50,A,11,124,,
P bur,P bur,50,B,11,127,,
P bur,P bur,50,C,11,133,,
P bur,P bur,100,A,11,197,,
P bur,P bur,100,B,11,213,,
P bur,P bur,100,C,11,207,,
P bur,P bur,200,A,11,216,,
P bur,P bur,200,B,11,198,,
P bur,P bur,200,C,11,124,,
P bur,P bur,0,A,14,11,,
P bur,P bur,0,B,14,21,,
P bur,P bur,0,C,14,25,,
P bur,P bur,50,A,14,192,,
P bur,P bur,50,B,14,104,,
P bur,P bur,50,C,14,234,,
P bur,P bur,100,A,14,343.3333333,,
P bur,P bur,100,B,14,510,,
P bur,P bur,100,C,14,440,,
P bur,P bur,200,A,14,433.3333333,,
P bur,P bur,200,B,14,416.6666667,,
P bur,P bur,200,C,14,410,,
P bur,P bur,0,A,17,14,,
P bur,P bur,0,B,17,5,,
P bur,P bur,0,C,17,23,,
P bur,P bur,50,A,17,257.5,,
P bur,P bur,50,B,17,97.5,,
P bur,P bur,50,C,17,242.5,,
P bur,P bur,100,A,17,495,,
P bur,P bur,100,B,17,775,,
P bur,P bur,100,C,17,660,,
P bur,P bur,200,A,17,845,,
P bur,P bur,200,B,17,675,,
P bur,P bur,200,C,17,865,,
P bur,P bur,0,A,19,3,,
P bur,P bur,0,B,19,12,,
P bur,P bur,0,C,19,17,,
P bur,P bur,50,A,19,300,,
P bur,P bur,50,B,19,132.5,,
P bur,P bur,50,C,19,320,,
P bur,P bur,100,A,19,625,,
P bur,P bur,100,B,19,1150,,
P bur,P bur,100,C,19,865,,
P bur,P bur,200,A,19,1100,,
P bur,P bur,200,B,19,769.2307692,,
P bur,P bur,200,C,19,984.6153846,,
P bur,P bur,0,A,21,11,,
P bur,P bur,0,B,21,9,,
P bur,P bur,0,C,21,18,,
P bur,P bur,50,A,21,355,,
P bur,P bur,50,B,21,152.5,,
P bur,P bur,50,C,21,422.5,,
P bur,P bur,100,A,21,1160,,
P bur,P bur,100,B,21,1135,,
P bur,P bur,100,C,21,785,,
P bur,P bur,200,A,21,900,,
P bur,P bur,200,B,21,1016.666667,,
P bur,P bur,200,C,21,1216.666667,,
P bur,P bur,0,A,24,2,,
P bur,P bur,0,B,24,2,,
P bur,P bur,0,C,24,8,,
P bur,P bur,50,A,24,353.3333333,,
P bur,P bur,50,B,24,80,,
P bur,P bur,50,C,24,520,,
P bur,P bur,100,A,24,1260,,
P bur,P bur,100,B,24,1640,,
P bur,P bur,100,C,24,1160,,
P bur,P bur,200,A,24,1400,,
P bur,P bur,200,B,24,1420,,
P bur,P bur,200,C,24,1950,,
P bur,P bur,0,A,26,3,,
P bur,P bur,0,B,26,4,,
P bur,P bur,0,C,26,13,,
P bur,P bur,50,A,26,435,,
P bur,P bur,50,B,26,165,,
P bur,P bur,50,C,26,720,,
P bur,P bur,100,A,26,1700,,
P bur,P bur,100,B,26,1775,,
P bur,P bur,100,C,26,1512.5,,
P bur,P bur,200,A,26,1675,,
P bur,P bur,200,B,26,2125,,
P bur,P bur,200,C,26,2250,,
P bur,P bur,0,A,28,0,,
P bur,P bur,0,B,28,0,,
P bur,P bur,0,C,28,9,,
P bur,P bur,50,A,28,375,,
P bur,P bur,50,B,28,120,,
P bur,P bur,50,C,28,775,,
P bur,P bur,100,A,28,1862.5,,
P bur,P bur,100,B,28,2362.5,,
P bur,P bur,100,C,28,1950,,
P bur,P bur,200,A,28,1612.5,,
P bur,P bur,200,B,28,2087.5,,
P bur,P bur,200,C,28,2787.5,,
P bur,P bur,0,A,31,0,,
P bur,P bur,0,B,31,0,,
P bur,P bur,0,C,31,5,,
P bur,P bur,50,A,31,440,,
P bur,P bur,50,B,31,140,,
P bur,P bur,50,C,31,1210,,
P bur,P bur,100,A,31,2500,,
P bur,P bur,100,B,31,2762.5,,
P bur,P bur,100,C,31,3025,,
P bur,P bur,200,A,31,2200,,
P bur,P bur,200,B,31,3362.5,,
P bur,P bur,200,C,31,4100,,
P bur,P bur,0,A,33,2,,
P bur,P bur,0,B,33,0,,
P bur,P bur,0,C,33,2,,
P bur,P bur,50,A,33,560,,
P bur,P bur,50,B,33,120,,
P bur,P bur,50,C,33,1150,,
P bur,P bur,100,A,33,3240,,
P bur,P bur,100,B,33,3760,,
P bur,P bur,100,C,33,2900,,
P bur,P bur,200,A,33,2700,,
P bur,P bur,200,B,33,4200,,
P bur,P bur,200,C,33,3780,,
P bur,P bur,0,A,35,0,,
P bur,P bur,0,B,35,0,,
P bur,P bur,0,C,35,0,,
P bur,P bur,50,A,35,545,,
P bur,P bur,50,B,35,115,,
P bur,P bur,50,C,35,1095,,
P bur,P bur,100,A,35,2012.5,,
P bur,P bur,100,B,35,2212.5,,
P bur,P bur,100,C,35,2012.5,,
P bur,P bur,200,A,35,2087.5,,
P bur,P bur,200,B,35,2962.5,,
P bur,P bur,200,C,35,2200,,
P bur,P bur,0,A,37,0,,
P bur,P bur,0,B,37,0,,
P bur,P bur,0,C,37,0,,
P bur,P bur,50,A,37,480,,
P bur,P bur,50,B,37,80,,
P bur,P bur,50,C,37,1335,,
P bur,P bur,100,A,37,2780,,
P bur,P bur,100,B,37,4100,,
P bur,P bur,100,C,37,7380,,
P bur,P bur,200,A,37,3160,,
P bur,P bur,200,B,37,4480,,
P bur,P bur,200,C,37,4260,,
P bur,P bur,0,A,40,0,,
P bur,P bur,0,B,40,0,,
P bur,P bur,0,C,40,0,,
P bur,P bur,50,A,40,595,,
P bur,P bur,50,B,40,150,,
P bur,P bur,50,C,40,1320,,
P bur,P bur,100,A,40,2360,,
P bur,P bur,100,B,40,4440,,
P bur,P bur,100,C,40,4160,,
P bur,P bur,200,A,40,4000,,
P bur,P bur,200,B,40,4760,,
P bur,P bur,200,C,40,4020,,
P bur,P bur,0,A,42,0,,
P bur,P bur,0,B,42,0,,
P bur,P bur,0,C,42,0,,
P bur,P bur,50,A,42,630,,
P bur,P bur,50,B,42,70,,
P bur,P bur,50,C,42,1180,,
P bur,P bur,100,A,42,2820,,
P bur,P bur,100,B,42,4660,,
P bur,P bur,100,C,42,3960,,
P bur,P bur,200,A,42,3740,,
P bur,P bur,200,B,42,5260,,
P bur,P bur,200,C,42,4640,,
P bur,P bur,0,A,46,0,,
P bur,P bur,0,B,46,0,,
P bur,P bur,0,C,46,0,,
P bur,P bur,50,A,46,745,,
P bur,P bur,50,B,46,90,,
P bur,P bur,50,C,46,790,,
P bur,P bur,100,A,46,2000,,
P bur,P bur,100,B,46,4920,,
P bur,P bur,100,C,46,3740,,
P bur,P bur,200,A,46,3460,,
P bur,P bur,200,B,46,6180,,
P bur,P bur,200,C,46,6100,,
P bur,P bur,0,A,48,0,,
P bur,P bur,0,B,48,0,,
P bur,P bur,0,C,48,0,,
P bur,P bur,50,A,48,855,,
P bur,P bur,50,B,48,130,,
P bur,P bur,50,C,48,595,,
P bur,P bur,100,A,48,2120,,
P bur,P bur,100,B,48,4540,,
P bur,P bur,100,C,48,3080,,
P bur,P bur,200,A,48,2420,,
P bur,P bur,200,B,48,7300,,
P bur,P bur,200,C,48,5420,,
P bur,P bur,0,A,51,0,,
P bur,P bur,0,B,51,0,,
P bur,P bur,0,C,51,0,,
P bur,P bur,50,A,51,750,,
P bur,P bur,50,B,51,60,,
P bur,P bur,50,C,51,285,,
P bur,P bur,100,A,51,1880,,
P bur,P bur,100,B,51,4900,,
P bur,P bur,100,C,51,2560,,
P bur,P bur,200,A,51,1820,,
P bur,P bur,200,B,51,6920,,
P bur,P bur,200,C,51,6280,,
P bur,P bur,0,A,60,0,,
P bur,P bur,0,B,60,0,,
P bur,P bur,0,C,60,0,,
P bur,P bur,50,A,60,67.5,,
P bur,P bur,50,B,60,2.5,,
P bur,P bur,50,C,60,0,,
P bur,P bur,100,A,60,0,,
P bur,P bur,100,B,60,2920,,
P bur,P bur,100,C,60,820,,
P bur,P bur,200,A,60,0,,
P bur,P bur,200,B,60,7860,,
P bur,P bur,200,C,60,5720,,
P bur,P bur,0,A,62,0,,
P bur,P bur,0,B,62,0,,
P bur,P bur,0,C,62,0,,
P bur,P bur,50,A,62,2,,
P bur,P bur,50,B,62,0,,
P bur,P bur,50,C,62,0,,
P bur,P bur,100,A,62,10,,
P bur,P bur,100,B,62,2180,,
P bur,P bur,100,C,62,50,,
P bur,P bur,200,A,62,0,,
P bur,P bur,200,B,62,6340,,
P bur,P bur,200,C,62,4960,,
P bur,P bur,0,A,64,0,,
P bur,P bur,0,B,64,0,,
P bur,P bur,0,C,64,0,,
P bur,P bur,50,A,64,0,,
P bur,P bur,50,B,64,0,,
P bur,P bur,50,C,64,0,,
P bur,P bur,100,A,64,0,,
P bur,P bur,100,B,64,1560,,
P bur,P bur,100,C,64,0,,
P bur,P bur,200,A,64,0,,
P bur,P bur,200,B,64,7240,,
P bur,P bur,200,C,64,4900,,
P bur,P bur,0,A,62,0,,
P bur,P bur,0,B,62,0,,
P bur,P bur,0,C,62,0,,
P bur,P bur,50,A,62,2,,
P bur,P bur,50,B,62,0,,
P bur,P bur,50,C,62,0,,
P bur,P bur,100,A,62,10,,
P bur,P bur,100,B,62,2180,,
P bur,P bur,100,C,62,50,,
P bur,P bur,200,A,62,0,,
P bur,P bur,200,B,62,6340,,
P bur,P bur,200,C,62,4960,,
P bur,P bur,0,A,64,0,,
P bur,P bur,0,B,64,0,,
P bur,P bur,0,C,64,0,,
P bur,P bur,50,A,64,0,,
P bur,P bur,50,B,64,0,,
P bur,P bur,50,C,64,0,,
P bur,P bur,100,A,64,0,,
P bur,P bur,100,B,64,1560,,
P bur,P bur,100,C,64,0,,
P bur,P bur,200,A,64,0,,
P bur,P bur,200,B,64,7240,,
P bur,P bur,200,C,64,4900,,
P bur,P bur,0,A,68,0,,
P bur,P bur,0,B,68,0,,
P bur,P bur,0,C,68,0,,
P bur,P bur,50,A,68,0,,
P bur,P bur,50,B,68,0,,
P bur,P bur,50,C,68,0,,
P bur,P bur,100,A,68,0,,
P bur,P bur,100,B,68,960,,
P bur,P bur,100,C,68,0,,
P bur,P bur,200,A,68,0,,
P bur,P bur,200,B,68,6740,,
P bur,P bur,200,C,68,2500,,
P bur,P bur,0,A,73,0,,
P bur,P bur,0,B,73,0,,
P bur,P bur,0,C,73,0,,
P bur,P bur,50,A,73,0,,
P bur,P bur,50,B,73,0,,
P bur,P bur,50,C,73,0,,
P bur,P bur,100,A,73,0,,
P bur,P bur,100,B,73,115,,
P bur,P bur,100,C,73,0,,
P bur,P bur,200,A,73,0,,
P bur,P bur,200,B,73,3860,,
P bur,P bur,200,C,73,1940,,
PC,P bur,0,A,0,41,,
PC,P bur,0,B,0,39,,
PC,P bur,0,C,0,58,,
PC,P bur,50,A,0,43,,
PC,P bur,50,B,0,42,,
PC,P bur,50,C,0,49,,
PC,P bur,200,A,0,43,,
PC,P bur,200,B,0,45,,
PC,P bur,200,C,0,53,,
PC,P bur,0,A,2,43,,
PC,P bur,0,B,2,40,,
PC,P bur,0,C,2,34,,
PC,P bur,50,A,2,41,,
PC,P bur,50,B,2,47,,
PC,P bur,50,C,2,44,,
PC,P bur,200,A,2,38,,
PC,P bur,200,B,2,55,,
PC,P bur,200,C,2,54,,
CP,Colp,50,A,0,51,,
CP,Colp,50,B,0,60,,
CP,Colp,50,C,0,45,,
CP,Colp,100,A,0,60,,
CP,Colp,100,B,0,60,,
CP,Colp,100,C,0,67,,
CP,Colp,200,A,0,39,,
CP,Colp,200,B,0,45,,
CP,Colp,200,C,0,35,,
CP,Colp,50,A,2,232,,
CP,Colp,50,B,2,246,,
CP,Colp,50,C,2,230,,
CP,Colp,100,A,2,188,,
CP,Colp,100,B,2,216,,
CP,Colp,100,C,2,208,,
CP,Colp,200,A,2,128,,
CP,Colp,200,B,2,126,,
CP,Colp,200,C,2,120,,
CP,Colp,50,A,4,890,,
CP,Colp,50,B,4,540,,
CP,Colp,50,C,4,830,,
CP,Colp,100,A,4,750,,
CP,Colp,100,B,4,590,,
CP,Colp,100,C,4,670,,
CP,Colp,200,A,4,585,,
CP,Colp,200,B,4,540,,
CP,Colp,200,C,4,600,,
CP,Colp,50,A,6,700,,
CP,Colp,50,B,6,790,,
CP,Colp,50,C,6,790,,
CP,P bur,50,A,6,52,,
CP,P bur,50,B,6,47,,
CP,P bur,50,C,6,38,,
CP,Colp,100,A,6,670,,
CP,Colp,100,B,6,680,,
CP,Colp,100,C,6,790,,
CP,P bur,100,A,6,36,,
CP,P bur,100,B,6,43,,
CP,P bur,100,C,6,45,,
CP,Colp,200,A,6,835,,
CP,Colp,200,B,6,840,,
CP,Colp,200,C,6,850,,
CP,P bur,200,A,6,46,,
CP,P bur,200,B,6,28,,
CP,P bur,200,C,6,43,,
CP,P bur,50,A,9,60,,
CP,P bur,50,B,9,50,,
CP,P bur,50,C,9,60,,
CP,Colp,50,A,9,1010,,
CP,Colp,50,B,9,940,,
CP,Colp,50,C,9,970,,
CP,P bur,100,A,9,41,,
CP,P bur,100,B,9,66,,
CP,P bur,100,C,9,35,,
CP,Colp,100,A,9,730,,
CP,Colp,100,B,9,760,,
CP,Colp,100,C,9,630,,
CP,P bur,200,A,9,48,,
CP,P bur,200,B,9,46,,
CP,P bur,200,C,9,44,,
CP,Colp,200,A,9,800,,
CP,Colp,200,B,9,1000,,
CP,Colp,200,C,9,750,,
CP,P bur,50,A,11,51,,
CP,P bur,50,B,11,54,,
CP,P bur,50,C,11,46,,
CP,Colp,50,A,11,1470,,
CP,Colp,50,B,11,1580,,
CP,Colp,50,C,11,1540,,
CP,P bur,100,A,11,49,,
CP,P bur,100,B,11,55,,
CP,P bur,100,C,11,55,,
CP,Colp,100,A,11,1120,,
CP,Colp,100,B,11,1310,,
CP,Colp,100,C,11,1600,,
CP,P bur,200,A,11,52,,
CP,P bur,200,B,11,44,,
CP,P bur,200,C,11,49,,
CP,Colp,200,A,11,1150,,
CP,Colp,200,B,11,1270,,
CP,Colp,200,C,11,1190,,
CP,P bur,50,A,14,57,,
CP,P bur,50,B,14,77,,
CP,P bur,50,C,14,81,,
CP,Colp,50,A,14,1500,,
CP,Colp,50,B,14,1560,,
CP,Colp,50,C,14,1630,,
CP,P bur,100,A,14,73,,
CP,P bur,100,B,14,86,,
CP,P bur,100,C,14,81,,
CP,Colp,100,A,14,1130,,
CP,Colp,100,B,14,1010,,
CP,Colp,100,C,14,1270,,
CP,P bur,200,A,14,70,,
CP,P bur,200,B,14,72,,
CP,P bur,200,C,14,72,,
CP,Colp,200,A,14,1070,,
CP,Colp,200,B,14,1260,,
CP,Colp,200,C,14,1160,,
CP,P bur,50,A,16,60,,
CP,P bur,50,B,16,64,,
CP,P bur,50,C,16,69,,
CP,Colp,50,A,16,1620,,
CP,Colp,50,B,16,1860,,
CP,Colp,50,C,16,1880,,
CP,P bur,100,A,16,88,,
CP,P bur,100,B,16,71,,
CP,P bur,100,C,16,74,,
CP,Colp,100,A,16,1170,,
CP,Colp,100,B,16,1060,,
CP,Colp,100,C,16,1110,,
CP,P bur,200,A,16,63,,
CP,P bur,200,B,16,70,,
CP,P bur,200,C,16,68,,
CP,Colp,200,A,16,1080,,
CP,Colp,200,B,16,1120,,
CP,Colp,200,C,16,1280,,
CP,P bur,50,A,18,75,,
CP,P bur,50,B,18,77,,
CP,P bur,50,C,18,78,,
CP,Colp,50,A,18,2140,,
CP,Colp,50,B,18,2280,,
CP,Colp,50,C,18,2070,,
CP,P bur,100,A,18,106,,
CP,P bur,100,B,18,85,,
CP,P bur,100,C,18,112,,
CP,Colp,100,A,18,1050,,
CP,Colp,100,B,18,1240,,
CP,Colp,100,C,18,1200,,
CP,P bur,200,A,18,86,,
CP,P bur,200,B,18,79,,
CP,P bur,200,C,18,102,,
CP,Colp,200,A,18,1000,,
CP,Colp,200,B,18,1180,,
CP,Colp,200,C,18,1010,,
CP,P bur,50,A,20,57,,
CP,P bur,50,B,20,54,,
CP,P bur,50,C,20,54,,
CP,Colp,50,A,20,2090,,
CP,Colp,50,B,20,1790,,
CP,Colp,50,C,20,1910,,
CP,P bur,100,A,20,96,,
CP,P bur,100,B,20,121,,
CP,P bur,100,C,20,98,,
CP,Colp,100,A,20,960,,
CP,Colp,100,B,20,1350,,
CP,Colp,100,C,20,1290,,
CP,P bur,200,A,20,90,,
CP,P bur,200,B,20,98,,
CP,P bur,200,C,20,87,,
CP,Colp,200,A,20,810,,
CP,Colp,200,B,20,1120,,
CP,Colp,200,C,20,1210,,
CP,P bur,50,A,22,48,,
CP,P bur,50,B,22,82,,
CP,P bur,50,C,22,56,,
CP,Colp,50,A,22,2120,,
CP,Colp,50,B,22,2120,,
CP,Colp,50,C,22,2210,,
CP,P bur,100,A,22,78,,
CP,P bur,100,B,22,112,,
CP,P bur,100,C,22,119,,
CP,Colp,100,A,22,1430,,
CP,Colp,100,B,22,980,,
CP,Colp,100,C,22,1140,,
CP,P bur,200,A,22,66,,
CP,P bur,200,B,22,87,,
CP,P bur,200,C,22,100,,
CP,Colp,200,A,22,1010,,
CP,Colp,200,B,22,1160,,
CP,Colp,200,C,22,1090,,
CP,P bur,50,A,25,57,,
CP,P bur,50,B,25,62,,
CP,P bur,50,C,25,51,,
CP,Colp,50,A,25,2250,,
CP,Colp,50,B,25,2537.5,,
CP,Colp,50,C,25,1862.5,,
CP,P bur,100,A,25,109,,
CP,P bur,100,B,25,114,,
CP,P bur,100,C,25,103,,
CP,Colp,100,A,25,1200,,
CP,Colp,100,B,25,1010,,
CP,Colp,100,C,25,1140,,
CP,P bur,200,A,25,90,,
CP,P bur,200,B,25,106,,
CP,P bur,200,C,25,85,,
CP,Colp,200,A,25,870,,
CP,Colp,200,B,25,1140,,
CP,Colp,200,C,25,780,,
PC,P bur,0,A,5,38,,
PC,P bur,0,B,5,33,,
PC,P bur,0,C,5,30,,
PC,P bur,50,A,5,70,,
PC,P bur,50,B,5,56,,
PC,P bur,50,C,5,83,,
PC,P bur,200,A,5,56,,
PC,P bur,200,B,5,58,,
PC,P bur,200,C,5,61,,
CP,P bur,50,A,27,46,,
CP,P bur,50,B,27,48,,
CP,P bur,50,C,27,50,,
CP,Colp,50,A,27,2450,,
CP,Colp,50,B,27,2412.5,,
CP,Colp,50,C,27,1650,,
CP,P bur,100,A,27,104,,
CP,P bur,100,B,27,143,,
CP,P bur,100,C,27,102,,
CP,Colp,100,A,27,1140,,
CP,Colp,100,B,27,1070,,
CP,Colp,100,C,27,1260,,
CP,P bur,200,A,27,63,,
CP,P bur,200,B,27,88,,
CP,P bur,200,C,27,70,,
CP,Colp,200,A,27,1370,,
CP,Colp,200,B,27,1990,,
CP,Colp,200,C,27,1770,,
PC,P bur,0,A,7,19,,
PC,P bur,0,B,7,19,,
PC,P bur,0,C,7,26,,
PC,P bur,50,A,7,87,,
PC,P bur,50,B,7,83,,
PC,P bur,50,C,7,113,,
PC,P bur,200,A,7,58,,
PC,P bur,200,B,7,83,,
PC,P bur,200,C,7,101,,
CP,P bur,50,A,29,42,,
CP,P bur,50,B,29,56,,
CP,P bur,50,C,29,32,,
CP,Colp,50,A,29,3037.5,,
CP,Colp,50,B,29,2937.5,,
CP,Colp,50,C,29,2125,,
CP,P bur,100,A,29,59,,
CP,P bur,100,B,29,132,,
CP,P bur,100,C,29,83,,
CP,Colp,100,A,29,800,,
CP,Colp,100,B,29,760,,
CP,Colp,100,C,29,920,,
CP,P bur,200,A,29,72,,
CP,P bur,200,B,29,99,,
CP,P bur,200,C,29,99,,
CP,Colp,200,A,29,770,,
CP,Colp,200,B,29,910,,
CP,Colp,200,C,29,680,,
PC,P bur,0,A,9,41,,
PC,P bur,0,B,9,26,,
PC,P bur,0,C,9,24,,
PC,P bur,50,A,9,109,,
PC,P bur,50,B,9,112,,
PC,P bur,50,C,9,152,,
PC,P bur,200,A,9,120,,
PC,P bur,200,B,9,123,,
PC,P bur,200,C,9,125,,
CP,P bur,50,A,32,20,,
CP,P bur,50,B,32,30,,
CP,P bur,50,C,32,30,,
CP,Colp,50,A,32,3550,,
CP,Colp,50,B,32,3712.5,,
CP,Colp,50,C,32,2162.5,,
CP,P bur,100,A,32,40,,
CP,P bur,100,B,32,118,,
CP,P bur,100,C,32,56,,
CP,Colp,100,A,32,920,,
CP,Colp,100,B,32,1030,,
CP,Colp,100,C,32,400,,
CP,P bur,200,A,32,43,,
CP,P bur,200,B,32,74,,
CP,P bur,200,C,32,61,,
CP,Colp,200,A,32,610,,
CP,Colp,200,B,32,570,,
CP,Colp,200,C,32,850,,
PC,P bur,0,A,12,26,,
PC,P bur,0,B,12,28,,
PC,P bur,0,C,12,27,,
PC,P bur,50,A,12,177,,
PC,P bur,50,B,12,170,,
PC,P bur,50,C,12,209,,
PC,P bur,200,A,12,174,,
PC,P bur,200,B,12,189,,
PC,P bur,200,C,12,203,,
CP,P bur,50,A,34,14,,
CP,P bur,50,B,34,29,,
CP,P bur,50,C,34,13,,
CP,Colp,50,A,34,4700,,
CP,Colp,50,B,34,4000,,
CP,Colp,50,C,34,3080,,
CP,P bur,100,A,34,26,,
CP,P bur,100,B,34,104,,
CP,P bur,100,C,34,33,,
CP,Colp,100,A,34,960,,
CP,Colp,100,B,34,970,,
CP,Colp,100,C,34,110,,
CP,P bur,200,A,34,57,,
CP,P bur,200,B,34,63,,
CP,P bur,200,C,34,73,,
CP,Colp,200,A,34,560,,
CP,Colp,200,B,34,280,,
CP,Colp,200,C,34,840,,
PC,P bur,0,A,14,17,,
PC,P bur,0,B,14,17,,
PC,P bur,0,C,14,12,,
PC,Colp,0,A,14,51,,
PC,Colp,0,B,14,56,,
PC,Colp,0,C,14,52,,
PC,P bur,50,A,14,230,,
PC,P bur,50,B,14,206,,
PC,P bur,50,C,14,258,,
PC,Colp,50,A,14,69,,
PC,Colp,50,B,14,49,,
PC,Colp,50,C,14,68,,
PC,P bur,200,A,14,215,,
PC,P bur,200,B,14,198,,
PC,P bur,200,C,14,207,,
PC,Colp,200,A,14,68,,
PC,Colp,200,B,14,51,,
PC,Colp,200,C,14,58,,
CP,P bur,50,A,36,19,,
CP,P bur,50,B,36,16,,
CP,P bur,50,C,36,14,,
CP,Colp,50,A,36,3360,,
CP,Colp,50,B,36,5200,,
CP,Colp,50,C,36,4080,,
CP,P bur,100,A,36,6,,
CP,P bur,100,B,36,112,,
CP,P bur,100,C,36,18,,
CP,Colp,100,A,36,560,,
CP,Colp,100,B,36,870,,
CP,Colp,100,C,36,100,,
CP,P bur,200,A,36,25,,
CP,P bur,200,B,36,40,,
CP,P bur,200,C,36,52,,
CP,Colp,200,A,36,285,,
CP,Colp,200,B,36,140,,
CP,Colp,200,C,36,725,,
PC,P bur,0,A,16,16,,
PC,P bur,0,B,16,16,,
PC,P bur,0,C,16,13,,
PC,Colp,0,A,16,410,,
PC,Colp,0,B,16,335,,
PC,Colp,0,C,16,365,,
PC,P bur,50,A,16,405,,
PC,P bur,50,B,16,315,,
PC,P bur,50,C,16,635,,
PC,Colp,50,A,16,267.5,,
PC,Colp,50,B,16,210,,
PC,Colp,50,C,16,237.5,,
PC,P bur,200,A,16,277.5,,
PC,P bur,200,B,16,205,,
PC,P bur,200,C,16,315,,
PC,Colp,200,A,16,382.5,,
PC,Colp,200,B,16,427.5,,
PC,Colp,200,C,16,402.5,,
CP,P bur,50,A,40,3,,
CP,P bur,50,B,40,14,,
CP,P bur,50,C,40,6,,
CP,Colp,50,A,40,3100,,
CP,Colp,50,B,40,5140,,
CP,Colp,50,C,40,4620,,
CP,P bur,100,A,40,0,,
CP,P bur,100,B,40,41,,
CP,P bur,100,C,40,0,,
CP,Colp,100,A,40,14,,
CP,Colp,100,B,40,390,,
CP,Colp,100,C,40,26,,
CP,P bur,200,A,40,10,,
CP,P bur,200,B,40,22,,
CP,P bur,200,C,40,34,,
CP,Colp,200,A,40,175,,
CP,Colp,200,B,40,102,,
CP,Colp,200,C,40,600,,
PC,P bur,0,A,19,4,,
PC,P bur,0,B,19,10,,
PC,P bur,0,C,19,3,,
PC,Colp,0,A,19,3520,,
PC,Colp,0,B,19,1800,,
PC,Colp,0,C,19,2880,,
PC,P bur,50,A,19,305,,
PC,P bur,50,B,19,255,,
PC,P bur,50,C,19,450,,
PC,Colp,50,A,19,1710,,
PC,Colp,50,B,19,3970,,
PC,Colp,50,C,19,1440,,
PC,P bur,200,A,19,305,,
PC,P bur,200,B,19,270,,
PC,P bur,200,C,19,495,,
PC,Colp,200,A,19,3420,,
PC,Colp,200,B,19,4380,,
PC,Colp,200,C,19,4220,,
CP,P bur,50,A,42,2,,
CP,P bur,50,B,42,16,,
CP,P bur,50,C,42,6,,
CP,Colp,50,A,42,3060,,
CP,Colp,50,B,42,5580,,
CP,Colp,50,C,42,5180,,
CP,P bur,100,A,42,0,,
CP,P bur,100,B,42,28,,
CP,P bur,100,C,42,0,,
CP,Colp,100,A,42,2,,
CP,Colp,100,B,42,200,,
CP,Colp,100,C,42,31,,
CP,P bur,200,A,42,0,,
CP,P bur,200,B,42,9,,
CP,P bur,200,C,42,22,,
CP,Colp,200,A,42,127,,
CP,Colp,200,B,42,87,,
CP,Colp,200,C,42,460,,
PC,P bur,0,A,21,10,,
PC,P bur,0,B,21,6,,
PC,P bur,0,C,21,0,,
PC,Colp,0,A,21,3020,,
PC,Colp,0,B,21,2230,,
PC,Colp,0,C,21,3880,,
PC,P bur,50,A,21,340,,
PC,P bur,50,B,21,315,,
PC,P bur,50,C,21,400,,
PC,Colp,50,A,21,2060,,
PC,Colp,50,B,21,3700,,
PC,Colp,50,C,21,4700,,
PC,P bur,200,A,21,400,,
PC,P bur,200,B,21,270,,
PC,P bur,200,C,21,383.3333333,,
PC,Colp,200,A,21,4400,,
PC,Colp,200,B,21,6900,,
PC,Colp,200,C,21,4740,,
CP,P bur,50,A,45,0,,
CP,P bur,50,B,45,0,,
CP,P bur,50,C,45,0,,
CP,Colp,50,A,45,2580,,
CP,Colp,50,B,45,5940,,
CP,Colp,50,C,45,5860,,
CP,P bur,100,A,45,0,,
CP,P bur,100,B,45,11,,
CP,P bur,100,C,45,1,,
CP,Colp,100,A,45,0,,
CP,Colp,100,B,45,114,,
CP,Colp,100,C,45,38,,
CP,P bur,200,A,45,0,,
CP,P bur,200,B,45,9,,
CP,P bur,200,C,45,9,,
CP,Colp,200,A,45,108,,
CP,Colp,200,B,45,67,,
CP,Colp,200,C,45,94,,
PC,P bur,0,A,23,0,,
PC,P bur,0,B,23,0,,
PC,P bur,0,C,23,0,,
PC,Colp,0,A,23,1530,,
PC,Colp,0,B,23,1160,,
PC,Colp,0,C,23,1870,,
PC,P bur,50,A,23,315,,
PC,P bur,50,B,23,325,,
PC,P bur,50,C,23,470,,
PC,Colp,50,A,23,1200,,
PC,Colp,50,B,23,2860,,
PC,Colp,50,C,23,1010,,
PC,P bur,200,A,23,344,,
PC,P bur,200,B,23,352,,
PC,P bur,200,C,23,396,,
PC,Colp,200,A,23,3840,,
PC,Colp,200,B,23,6620,,
PC,Colp,200,C,23,6680,,
PC,P bur,0,A,29,0,,
PC,P bur,0,B,29,0,,
PC,P bur,0,C,29,0,,
PC,Colp,0,A,29,2960,,
PC,Colp,0,B,29,2960,,
PC,Colp,0,C,29,3400,,
PC,P bur,50,A,29,265,,
PC,P bur,50,B,29,330,,
PC,P bur,50,C,29,495,,
PC,Colp,50,A,29,2480,,
PC,Colp,50,B,29,6040,,
PC,Colp,50,C,29,2380,,
PC,P bur,200,A,29,530,,
PC,P bur,200,B,29,545,,
PC,P bur,200,C,29,625,,
PC,Colp,200,A,29,5240,,
PC,Colp,200,B,29,7760,,
PC,Colp,200,C,29,6600,,
PC,P bur,0,A,33,0,,
PC,P bur,0,B,33,0,,
PC,P bur,0,C,33,0,,
PC,Colp,0,A,33,3080,,
PC,Colp,0,B,33,3140,,
PC,Colp,0,C,33,3460,,
PC,P bur,50,A,33,250,,
PC,P bur,50,B,33,355,,
PC,P bur,50,C,33,435,,
PC,Colp,50,A,33,3160,,
PC,Colp,50,B,33,4240,,
PC,Colp,50,C,33,3240,,
PC,P bur,200,A,33,400,,
PC,P bur,200,B,33,450,,
PC,P bur,200,C,33,660,,
PC,Colp,200,A,33,4560,,
PC,Colp,200,B,33,8020,,
PC,Colp,200,C,33,6520,,
CP,P bur,50,A,52,0,,
CP,P bur,50,B,52,0,,
CP,P bur,50,C,52,0,,
CP,Colp,50,A,52,4000,,
CP,Colp,50,B,52,4620,,
CP,Colp,50,C,52,5420,,
CP,P bur,100,A,52,0,,
CP,P bur,100,B,52,0,,
CP,P bur,100,C,52,0,,
CP,Colp,100,A,52,0,,
CP,Colp,100,B,52,30,,
CP,Colp,100,C,52,17,,
CP,P bur,200,A,52,0,,
CP,P bur,200,B,52,0,,
CP,P bur,200,C,52,0,,
CP,Colp,200,A,52,62,,
CP,Colp,200,B,52,42,,
CP,Colp,200,C,52,8,,
PC,P bur,50,A,36,230,,
PC,P bur,50,B,36,355,,
PC,P bur,50,C,36,365,,
PC,Colp,50,A,36,2940,,
PC,Colp,50,B,36,6800,,
PC,Colp,50,C,36,2800,,
PC,P bur,200,A,36,575,,
PC,P bur,200,B,36,485,,
PC,P bur,200,C,36,625,,
PC,Colp,200,A,36,4740,,
PC,Colp,200,B,36,7660,,
PC,Colp,200,C,36,7540,,
PC,P bur,0,A,39,0,,
PC,P bur,0,B,39,0,,
PC,P bur,0,C,39,0,,
PC,Colp,0,A,39,3840,,
PC,Colp,0,B,39,6000,,
PC,Colp,0,C,39,5340,,
PC,P bur,50,A,39,150,,
PC,P bur,50,B,39,275,,
PC,P bur,50,C,39,420,,
PC,Colp,50,A,39,2780,,
PC,Colp,50,B,39,4660,,
PC,Colp,50,C,39,3260,,
PC,P bur,200,A,39,390,,
PC,P bur,200,B,39,335,,
PC,P bur,200,C,39,500,,
PC,Colp,200,A,39,4560,,
PC,Colp,200,B,39,8340,,
PC,Colp,200,C,39,6800,,
CP,P bur,50,A,58,0,,
CP,P bur,50,B,58,0,,
CP,P bur,50,C,58,0,,
CP,Colp,50,A,58,3680,,
CP,Colp,50,B,58,2240,,
CP,Colp,50,C,58,7140,,
CP,P bur,100,A,58,0,,
CP,P bur,100,B,58,0,,
CP,P bur,100,C,58,0,,
CP,Colp,100,A,58,20,,
CP,Colp,100,B,58,40,,
CP,Colp,100,C,58,20,,
CP,P bur,200,A,58,0,,
CP,P bur,200,B,58,0,,
CP,P bur,200,C,58,0,,
CP,Colp,200,A,58,13,,
CP,Colp,200,B,58,15,,
CP,Colp,200,C,58,0,,
PC,P bur,50,A,43,125,,
PC,P bur,50,B,43,295,,
PC,P bur,50,C,43,250,,
PC,Colp,50,A,43,3060,,
PC,Colp,50,B,43,7120,,
PC,Colp,50,C,43,3120,,
PC,P bur,200,A,43,280,,
PC,P bur,200,B,43,265,,
PC,P bur,200,C,43,495,,
PC,Colp,200,A,43,4300,,
PC,Colp,200,B,43,6560,,
PC,Colp,200,C,43,5540,,
PC,P bur,0,A,47,0,,
PC,P bur,0,B,47,0,,
PC,P bur,0,C,47,0,,
PC,Colp,0,A,47,4740,,
PC,Colp,0,B,47,5680,,
PC,Colp,0,C,47,6020,,
PC,P bur,50,A,47,30,,
PC,P bur,50,B,47,105,,
PC,P bur,50,C,47,132,,
PC,Colp,50,A,47,3080,,
PC,Colp,50,B,47,5720,,
PC,Colp,50,C,47,2260,,
PC,P bur,200,A,47,102,,
PC,P bur,200,B,47,124,,
PC,P bur,200,C,47,156,,
PC,Colp,200,A,47,5180,,
PC,Colp,200,B,47,4040,,
PC,Colp,200,C,47,4440,,
CP,P bur,50,A,66,0,,
CP,P bur,50,B,66,0,,
CP,P bur,50,C,66,0,,
CP,Colp,50,A,66,640,,
CP,Colp,50,B,66,0,,
CP,Colp,50,C,66,540,,
CP,P bur,100,A,66,0,,
CP,P bur,100,B,66,0,,
CP,P bur,100,C,66,0,,
CP,Colp,100,A,66,0,,
CP,Colp,100,B,66,18,,
CP,Colp,100,C,66,61,,
CP,P bur,200,A,66,0,,
CP,P bur,200,B,66,0,,
CP,P bur,200,C,66,0,,
CP,Colp,200,A,66,0,,
CP,Colp,200,B,66,37,,
CP,Colp,200,C,66,0,,
PC,P bur,0,A,51,0,,
PC,P bur,0,B,51,0,,
PC,P bur,0,C,51,0,,
PC,Colp,0,A,51,4020,,
PC,Colp,0,B,51,5120,,
PC,Colp,0,C,51,5760,,
PC,P bur,50,A,51,11,,
PC,P bur,50,B,51,56,,
PC,P bur,50,C,51,17,,
PC,Colp,50,A,51,2380,,
PC,Colp,50,B,51,5740,,
PC,Colp,50,C,51,400,,
PC,P bur,200,A,51,32,,
PC,P bur,200,B,51,11,,
PC,P bur,200,C,51,13,,
PC,Colp,200,A,51,530,,
PC,Colp,200,B,51,70,,
PC,Colp,200,C,51,30,,
CP,P bur,50,A,70,0,,
CP,P bur,50,B,70,0,,
CP,P bur,50,C,70,0,,
CP,Colp,50,A,70,60,,
CP,Colp,50,B,70,0,,
CP,Colp,50,C,70,0,,
CP,P bur,100,A,70,0,,
CP,P bur,100,B,70,0,,
CP,P bur,100,C,70,0,,
CP,Colp,100,A,70,0,,
CP,Colp,100,B,70,20,,
CP,Colp,100,C,70,50,,
CP,P bur,200,A,70,0,,
CP,P bur,200,B,70,0,,
CP,P bur,200,C,70,0,,
CP,Colp,200,A,70,0,,
CP,Colp,200,B,70,30,,
CP,Colp,200,C,70,0,,
PC,P bur,0,A,54,0,,
PC,P bur,0,B,54,0,,
PC,P bur,0,C,54,0,,
PC,Colp,0,A,54,4860,,
PC,Colp,0,B,54,6160,,
PC,Colp,0,C,54,5120,,
PC,P bur,50,A,54,4,,
PC,P bur,50,B,54,18,,
PC,P bur,50,C,54,0,,
PC,Colp,50,A,54,1360,,
PC,Colp,50,B,54,4840,,
PC,Colp,50,C,54,40,,
PC,P bur,200,A,54,0,,
PC,P bur,200,B,54,0,,
PC,P bur,200,C,54,0,,
PC,Colp,200,A,54,3540,,
PC,Colp,200,B,54,0,,
PC,Colp,200,C,54,0,,
PC,P bur,0,A,56,0,,
PC,P bur,0,B,56,0,,
PC,P bur,0,C,56,0,,
PC,Colp,0,A,56,4020,,
PC,Colp,0,B,56,5240,,
PC,Colp,0,C,56,1760,,
PC,P bur,50,A,56,0,,
PC,P bur,50,B,56,0,,
PC,P bur,50,C,56,0,,
PC,Colp,50,A,56,425,,
PC,Colp,50,B,56,3860,,
PC,Colp,50,C,56,25,,
PC,P bur,200,A,56,0,,
PC,P bur,200,B,56,0,,
PC,P bur,200,C,56,0,,
PC,Colp,200,A,56,3380,,
PC,Colp,200,B,56,0,,
PC,Colp,200,C,56,0,,
CP,P bur,50,A,75,0,,
CP,P bur,50,B,75,0,,
CP,P bur,50,C,75,0,,
CP,Colp,50,A,75,0,,
CP,Colp,50,B,75,0,,
CP,Colp,50,C,75,0,,
CP,P bur,100,A,75,0,,
CP,P bur,100,B,75,0,,
CP,P bur,100,C,75,0,,
CP,Colp,100,A,75,0,,
CP,Colp,100,B,75,39,,
CP,Colp,100,C,75,20,,
CP,P bur,200,A,75,0,,
CP,P bur,200,B,75,0,,
CP,P bur,200,C,75,0,,
CP,Colp,200,A,75,0,,
CP,Colp,200,B,75,60,,
CP,Colp,200,C,75,0,,
PC,P bur,0,A,59,0,,
PC,P bur,0,B,59,0,,
PC,P bur,0,C,59,0,,
PC,Colp,0,A,59,3240,,
PC,Colp,0,B,59,5000,,
PC,Colp,0,C,59,60,,
PC,P bur,50,A,59,0,,
PC,P bur,50,B,59,5,,
PC,P bur,50,C,59,0,,
PC,Colp,50,A,59,5,,
PC,Colp,50,B,59,280,,
PC,Colp,50,C,59,0,,
PC,P bur,200,A,59,0,,
PC,P bur,200,B,59,0,,
PC,P bur,200,C,59,0,,
PC,Colp,200,A,59,1460,,
PC,Colp,200,B,59,0,,
PC,Colp,200,C,59,0,,
CP,P bur,50,A,82,0,,
CP,P bur,50,B,82,0,,
CP,P bur,50,C,82,0,,
CP,Colp,50,A,82,0,,
CP,Colp,50,B,82,0,,
CP,Colp,50,C,82,0,,
CP,P bur,100,A,82,0,,
CP,P bur,100,B,82,0,,
CP,P bur,100,C,82,0,,
CP,Colp,100,A,82,0,,
CP,Colp,100,B,82,200,,
CP,Colp,100,C,82,1,,
CP,P bur,200,A,82,0,,
CP,P bur,200,B,82,0,,
CP,P bur,200,C,82,0,,
CP,Colp,200,A,82,0,,
CP,Colp,200,B,82,90,,
CP,Colp,200,C,82,0,,
PC,P bur,0,A,63,0,,
PC,P bur,0,B,63,0,,
PC,P bur,0,C,63,0,,
PC,Colp,0,A,63,680,,
PC,Colp,0,B,63,3660,,
PC,Colp,0,C,63,30,,
PC,P bur,50,A,63,0,,
PC,P bur,50,B,63,0,,
PC,P bur,50,C,63,0,,
PC,Colp,50,A,63,0,,
PC,Colp,50,B,63,0,,
PC,Colp,50,C,63,4,,
PC,P bur,200,A,63,0,,
PC,P bur,200,B,63,0,,
PC,P bur,200,C,63,0,,
PC,Colp,200,A,63,0,,
PC,Colp,200,B,63,0,,
PC,Colp,200,C,63,0,,
PC,Colp,0,A,71,0,,
PC,Colp,0,B,71,1,,
PC,Colp,0,C,71,0,,
CP,Colp,100,A,90,0,,
CP,Colp,100,B,90,2,,
CP,Colp,100,C,90,0,,
CP,Colp,200,A,90,0,,
CP,Colp,200,B,90,35,,
CP,Colp,200,C,90,0,,
PC,P bur,100,A,0,55,,
PC,P bur,100,B,0,46,,
PC,P bur,100,C,0,47,,
CP,Colp,0,A,0,61,,
CP,Colp,0,B,0,71,,
CP,Colp,0,C,0,95,,
PC,P bur,100,A,3,60,,
PC,P bur,100,B,3,42,,
PC,P bur,100,C,3,77,,
CP,Colp,0,A,3,790,,
CP,Colp,0,B,3,865,,
CP,Colp,0,C,3,725,,
PC,P bur,100,A,5,72,,
PC,P bur,100,B,5,78,,
PC,P bur,100,C,5,100,,
CP,Colp,0,A,5,1330,,
CP,Colp,0,B,5,1360,,
CP,Colp,0,C,5,1340,,
CP,Colp,0,A,6,1400,,
CP,Colp,0,B,6,1260,,
CP,Colp,0,C,6,1020,,
CP,P bur,0,A,6,34,,
CP,P bur,0,B,6,46,,
CP,P bur,0,C,6,59,,
PC,P bur,100,A,7,72,,
PC,P bur,100,B,7,78,,
PC,P bur,100,C,7,100,,
CP,Colp,0,A,8,1260,,
CP,Colp,0,B,8,1470,,
CP,Colp,0,C,8,1300,,
CP,P bur,0,A,8,33,,
CP,P bur,0,B,8,39,,
CP,P bur,0,C,8,33,,
PC,P bur,100,A,10,158,,
PC,P bur,100,B,10,210,,
PC,P bur,100,C,10,170,,
CP,Colp,0,A,11,1620,,
CP,Colp,0,B,11,1870,,
CP,Colp,0,C,11,1430,,
CP,P bur,0,A,11,23,,
CP,P bur,0,B,11,30,,
CP,P bur,0,C,11,36,,
PC,P bur,100,A,12,230,,
PC,P bur,100,B,12,208,,
PC,P bur,100,C,12,240,,
CP,Colp,0,A,13,1487.5,,
CP,Colp,0,B,13,1775,,
CP,Colp,0,C,13,1575,,
CP,P bur,0,A,13,15,,
CP,P bur,0,B,13,14,,
CP,P bur,0,C,13,23,,
PC,P bur,100,A,14,274,,
PC,P bur,100,B,14,228,,
PC,P bur,100,C,14,328,,
PC,Colp,100,A,14,40,,
PC,Colp,100,B,14,26,,
PC,Colp,100,C,14,20,,
CP,Colp,0,A,15,1587.5,,
CP,Colp,0,B,15,1662.5,,
CP,Colp,0,C,15,1700,,
CP,P bur,0,A,15,6,,
CP,P bur,0,B,15,6,,
CP,P bur,0,C,15,6,,
PC,P bur,100,A,17,412,,
PC,P bur,100,B,17,162,,
PC,P bur,100,C,17,182,,
PC,Colp,100,A,17,505,,
PC,Colp,100,B,17,615,,
PC,Colp,100,C,17,490,,
CP,Colp,0,A,18,1475,,
CP,Colp,0,B,18,1637.5,,
CP,Colp,0,C,18,2025,,
CP,P bur,0,A,18,0,,
CP,P bur,0,B,18,0,,
CP,P bur,0,C,18,0,,
PC,P bur,100,A,19,455,,
PC,P bur,100,B,19,450,,
PC,P bur,100,C,19,740,,
PC,Colp,100,A,19,1420,,
PC,Colp,100,B,19,1440,,
PC,Colp,100,C,19,1830,,
CP,Colp,0,A,20,1775,,
CP,Colp,0,B,20,1762.5,,
CP,Colp,0,C,20,2300,,
CP,P bur,0,A,20,0,,
CP,P bur,0,B,20,0,,
CP,P bur,0,C,20,0,,
PC,P bur,100,A,21,495,,
PC,P bur,100,B,21,500,,
PC,P bur,100,C,21,695,,
PC,Colp,100,A,21,3300,,
PC,Colp,100,B,21,2960,,
PC,Colp,100,C,21,2840,,
CP,Colp,0,A,23,2100,,
CP,Colp,0,B,23,1720,,
CP,Colp,0,C,23,2240,,
CP,P bur,0,A,23,0,,
CP,P bur,0,B,23,0,,
CP,P bur,0,C,23,0,,
PC,P bur,100,A,23,610,,
PC,P bur,100,B,23,575,,
PC,P bur,100,C,23,680,,
PC,Colp,100,A,23,2840,,
PC,Colp,100,B,23,3140,,
PC,Colp,100,C,23,3040,,
PC,P bur,100,A,26,765,,
PC,P bur,100,B,26,595,,
PC,P bur,100,C,26,530,,
PC,Colp,100,A,26,3100,,
PC,Colp,100,B,26,3340,,
PC,Colp,100,C,26,2340,,
CP,Colp,0,A,26,1880,,
CP,Colp,0,B,26,2000,,
CP,Colp,0,C,26,3060,,
CP,P bur,0,A,26,0,,
CP,P bur,0,B,26,0,,
CP,P bur,0,C,26,0,,
PC,P bur,100,A,28,525,,
PC,P bur,100,B,28,610,,
PC,P bur,100,C,28,495,,
PC,Colp,100,A,28,3360,,
PC,Colp,100,B,28,3160,,
PC,Colp,100,C,28,3020,,
CP,Colp,0,A,28,2280,,
CP,Colp,0,B,28,1980,,
CP,Colp,0,C,28,2800,,
CP,P bur,0,A,28,0,,
CP,P bur,0,B,28,0,,
CP,P bur,0,C,28,0,,
PC,P bur,100,A,32,670,,
PC,P bur,100,B,32,555,,
PC,P bur,100,C,32,360,,
PC,Colp,100,A,32,3060,,
PC,Colp,100,B,32,2460,,
PC,Colp,100,C,32,2560,,
CP,Colp,0,A,32,3220,,
CP,Colp,0,B,32,2860,,
CP,Colp,0,C,32,3380,,
CP,P bur,0,A,32,0,,
CP,P bur,0,B,32,0,,
CP,P bur,0,C,32,0,,
PC,P bur,100,A,34,470,,
PC,P bur,100,B,34,505,,
PC,P bur,100,C,34,295,,
PC,Colp,100,A,34,3900,,
PC,Colp,100,B,34,2680,,
PC,Colp,100,C,34,2960,,
CP,Colp,0,A,34,2980,,
CP,Colp,0,B,34,3020,,
CP,Colp,0,C,34,3500,,
CP,P bur,0,A,34,0,,
CP,P bur,0,B,34,0,,
CP,P bur,0,C,34,0,,
PC,P bur,100,A,37,485,,
PC,P bur,100,B,37,325,,
PC,P bur,100,C,37,215,,
PC,Colp,100,A,37,3520,,
PC,Colp,100,B,37,3100,,
PC,Colp,100,C,37,3180,,
CP,Colp,0,A,37,3220,,
CP,Colp,0,B,37,3380,,
CP,Colp,0,C,37,3700,,
CP,P bur,0,A,37,0,,
CP,P bur,0,B,37,0,,
CP,P bur,0,C,37,0,,
PC,P bur,100,A,41,184,,
PC,P bur,100,B,41,304,,
PC,P bur,100,C,41,144,,
PC,Colp,100,A,41,2400,,
PC,Colp,100,B,41,2760,,
PC,Colp,100,C,41,3300,,
CP,Colp,0,A,41,2960,,
CP,Colp,0,B,41,3620,,
CP,Colp,0,C,41,3680,,
CP,P bur,0,A,41,0,,
CP,P bur,0,B,41,0,,
CP,P bur,0,C,41,0,,
PC,P bur,100,A,46,8,,
PC,P bur,100,B,46,76,,
PC,P bur,100,C,46,40,,
PC,Colp,100,A,46,1060,,
PC,Colp,100,B,46,1850,,
PC,Colp,100,C,46,3000,,
CP,Colp,0,A,46,2860,,
CP,Colp,0,B,46,3900,,
CP,Colp,0,C,46,3680,,
CP,P bur,0,A,46,0,,
CP,P bur,0,B,46,0,,
CP,P bur,0,C,46,0,,
PC,P bur,100,A,48,0,,
PC,P bur,100,B,48,55,,
PC,P bur,100,C,48,20,,
PC,Colp,100,A,48,90,,
PC,Colp,100,B,48,2080,,
PC,Colp,100,C,48,3180,,
CP,Colp,0,A,48,3340,,
CP,Colp,0,B,48,4580,,
CP,Colp,0,C,48,3520,,
CP,P bur,0,A,48,0,,
CP,P bur,0,B,48,0,,
CP,P bur,0,C,48,0,,
PC,P bur,100,A,50,0,,
PC,P bur,100,B,50,20,,
PC,P bur,100,C,50,10,,
PC,Colp,100,A,50,0,,
PC,Colp,100,B,50,1690,,
PC,Colp,100,C,50,2650,,
CP,Colp,0,A,50,2600,,
CP,Colp,0,B,50,4380,,
CP,Colp,0,C,50,3940,,
CP,P bur,0,A,50,0,,
CP,P bur,0,B,50,0,,
CP,P bur,0,C,50,0,,
PC,P bur,100,A,54,0,,
PC,P bur,100,B,54,0,,
PC,P bur,100,C,54,0,,
PC,Colp,100,A,54,0,,
PC,Colp,100,B,54,70,,
PC,Colp,100,C,54,300,,
CP,Colp,0,A,54,1280,,
CP,Colp,0,B,54,4500,,
CP,Colp,0,C,54,1920,,
CP,P bur,0,A,54,0,,
CP,P bur,0,B,54,0,,
CP,P bur,0,C,54,0,,
PC,P bur,100,A,59,0,,
PC,P bur,100,B,59,0,,
PC,P bur,100,C,59,0,,
PC,Colp,100,A,59,0,,
PC,Colp,100,B,59,5,,
PC,Colp,100,C,59,0,,
CP,Colp,0,A,59,360,,
CP,Colp,0,B,59,3680,,
CP,Colp,0,C,59,1840,,
CP,P bur,0,A,59,0,,
CP,P bur,0,B,59,0,,
CP,P bur,0,C,59,0,,
Colp,Colp,0,A,0,51,,
Colp,Colp,0,B,0,58,,
Colp,Colp,0,C,0,54,,
Colp,Colp,200,A,0,54,,
Colp,Colp,200,B,0,57,,
Colp,Colp,200,C,0,52,,
Colp,Colp,0,A,2,152.5,,
Colp,Colp,0,B,2,145,,
Colp,Colp,0,C,2,135,,
Colp,Colp,200,A,2,117.5,,
Colp,Colp,200,B,2,70,,
Colp,Colp,200,C,2,115,,
Colp,Colp,0,A,4,675,,
Colp,Colp,0,B,4,705,,
Colp,Colp,0,C,4,540,,
Colp,Colp,200,A,4,370,,
Colp,Colp,200,B,4,445,,
Colp,Colp,200,C,4,960,,
Colp,Colp,0,A,8,1880,,
Colp,Colp,0,B,8,1860,,
Colp,Colp,0,C,8,1600,,
Colp,Colp,200,A,8,1640,,
Colp,Colp,200,B,8,1220,,
Colp,Colp,200,C,8,1260,,
Colp,Colp,0,A,10,1980,,
Colp,Colp,0,B,10,2060,,
Colp,Colp,0,C,10,1940,,
Colp,Colp,200,A,10,1460,,
Colp,Colp,200,B,10,1500,,
Colp,Colp,200,C,10,1580,,
Colp,Colp,0,A,12,1660,,
Colp,Colp,0,B,12,2020,,
Colp,Colp,0,C,12,1800,,
Colp,Colp,200,A,12,1500,,
Colp,Colp,200,B,12,1580,,
Colp,Colp,200,C,12,1280,,
Colp,Colp,0,A,14,1820,,
Colp,Colp,0,B,14,1980,,
Colp,Colp,0,C,14,1740,,
Colp,Colp,200,A,14,1620,,
Colp,Colp,200,B,14,1240,,
Colp,Colp,200,C,14,1220,,
Colp,Colp,50,A,0,50,,
Colp,Colp,50,B,0,59,,
Colp,Colp,50,C,0,58,,
Colp,Colp,100,A,0,62,,
Colp,Colp,100,B,0,60,,
Colp,Colp,100,C,0,65,,
Colp,Colp,0,A,17,2060,,
Colp,Colp,0,B,17,1920,,
Colp,Colp,0,C,17,1240,,
Colp,Colp,200,A,17,1180,,
Colp,Colp,200,B,17,1360,,
Colp,Colp,200,C,17,1640,,
Colp,Colp,50,A,2,192.5,,
Colp,Colp,50,B,2,195,,
Colp,Colp,50,C,2,232.5,,
Colp,Colp,100,A,2,155,,
Colp,Colp,100,B,2,175,,
Colp,Colp,100,C,2,167.5,,
Colp,Colp,0,A,19,1740,,
Colp,Colp,0,B,19,1740,,
Colp,Colp,0,C,19,1340,,
Colp,Colp,200,A,19,1160,,
Colp,Colp,200,B,19,1200,,
Colp,Colp,200,C,19,1280,,
Colp,Colp,50,A,4,1125,,
Colp,Colp,50,B,4,1800,,
Colp,Colp,50,C,4,1735,,
Colp,Colp,100,A,4,1585,,
Colp,Colp,100,B,4,1715,,
Colp,Colp,100,C,4,1565,,
Colp,Colp,0,A,21,1620,,
Colp,Colp,0,B,21,1620,,
Colp,Colp,0,C,21,1440,,
Colp,Colp,200,A,21,900,,
Colp,Colp,200,B,21,1300,,
Colp,Colp,200,C,21,1320,,
Colp,Colp,50,A,6,2360,,
Colp,Colp,50,B,6,2060,,
Colp,Colp,50,C,6,2000,,
Colp,Colp,100,A,6,1880,,
Colp,Colp,100,B,6,1740,,
Colp,Colp,100,C,6,2120,,
Colp,Colp,0,A,24,1680,,
Colp,Colp,0,B,24,1500,,
Colp,Colp,0,C,24,1120,,
Colp,Colp,200,A,24,580,,
Colp,Colp,200,B,24,860,,
Colp,Colp,200,C,24,780,,
Colp,Colp,50,A,9,2740,,
Colp,Colp,50,B,9,2480,,
Colp,Colp,50,C,9,2240,,
Colp,Colp,100,A,9,2000,,
Colp,Colp,100,B,9,1500,,
Colp,Colp,100,C,9,1860,,
Colp,Colp,0,A,28,1100,,
Colp,Colp,0,B,28,840,,
Colp,Colp,0,C,28,860,,
Colp,Colp,200,A,28,35,,
Colp,Colp,200,B,28,240,,
Colp,Colp,200,C,28,110,,
Colp,Colp,50,A,13,2100,,
Colp,Colp,50,B,13,2200,,
Colp,Colp,50,C,13,2220,,
Colp,Colp,100,A,13,1800,,
Colp,Colp,100,B,13,2240,,
Colp,Colp,100,C,13,1620,,
Colp,Colp,0,A,32,520,,
Colp,Colp,0,B,32,380,,
Colp,Colp,0,C,32,285,,
Colp,Colp,200,A,32,8.333333333,,
Colp,Colp,200,B,32,130,,
Colp,Colp,200,C,32,26.66666667,,
Colp,Colp,50,A,17,3060,,
Colp,Colp,50,B,17,2200,,
Colp,Colp,50,C,17,1960,,
Colp,Colp,100,A,17,1700,,
Colp,Colp,100,B,17,1860,,
Colp,Colp,100,C,17,2220,,
Colp,Colp,0,A,37,7,,
Colp,Colp,0,B,37,104,,
Colp,Colp,0,C,37,6,,
Colp,Colp,200,A,37,87.5,,
Colp,Colp,200,B,37,130,,
Colp,Colp,200,C,37,30,,
Colp,Colp,50,A,22,2320,,
Colp,Colp,50,B,22,1820,,
Colp,Colp,50,C,22,2300,,
Colp,Colp,100,A,22,1800,,
Colp,Colp,100,B,22,1640,,
Colp,Colp,100,C,22,1900,,
Colp,Colp,0,A,41,38,,
Colp,Colp,0,B,41,72,,
Colp,Colp,0,C,41,56,,
Colp,Colp,200,A,41,6,,
Colp,Colp,200,B,41,110,,
Colp,Colp,200,C,41,13,,
Colp,Colp,50,A,26,2760,,
Colp,Colp,50,B,26,960,,
Colp,Colp,50,C,26,2340,,
Colp,Colp,0,A,47,55,,
Colp,Colp,0,B,47,50,,
Colp,Colp,0,C,47,40,,
Colp,Colp,200,A,47,5,,
Colp,Colp,200,B,47,175,,
Colp,Colp,200,C,47,5,,
Colp,Colp,50,A,32,1870,,
Colp,Colp,50,B,32,120,,
Colp,Colp,50,C,32,2020,,
Colp,Colp,100,A,32,30,,
Colp,Colp,100,B,32,15,,
Colp,Colp,100,C,32,30,,
Colp,Colp,0,A,49,10,,
Colp,Colp,0,B,49,75,,
Colp,Colp,0,C,49,50,,
Colp,Colp,200,A,49,10,,
Colp,Colp,200,B,49,115,,
Colp,Colp,200,C,49,20,,
Colp,Colp,50,A,34,1360,,
Colp,Colp,50,B,34,10,,
Colp,Colp,50,C,34,1840,,
Colp,Colp,100,A,34,20,,
Colp,Colp,100,B,34,15,,
Colp,Colp,100,C,34,20,,
Colp,Colp,50,A,40,56,,
Colp,Colp,50,B,40,660,,
Colp,Colp,50,C,40,1730,,
Colp,Colp,100,A,40,34,,
Colp,Colp,100,B,40,50,,
Colp,Colp,100,C,40,14,,
Colp,Colp,0,A,60,8,,
Colp,Colp,0,B,60,20,,
Colp,Colp,0,C,60,52,,
Colp,Colp,200,A,60,7,,
Colp,Colp,200,B,60,165,,
Colp,Colp,200,C,60,1,,
Colp,Colp,50,A,46,10,,
Colp,Colp,50,B,46,1480,,
Colp,Colp,50,C,46,1140,,
Colp,Colp,100,A,46,40,,
Colp,Colp,100,B,46,64,,
Colp,Colp,100,C,46,23,,
P bur_v,P bur,0,A,1,58,-0.117722634,
P bur_v,P bur,0,B,4,40,-0.056964883,
P bur_v,P bur,0,C,0,53,-0.046349429,
P bur_v,P bur,50,A,48,855,0.144382435,
P bur_v,P bur,50,B,26,165,0.061814029,
P bur_v,P bur,50,C,37,1335,0.114475353,
P bur_v,P bur,100,A,33,3240,0.148995226,
P bur_v,P bur,100,B,46,4920,0.151741421,
P bur_v,P bur,100,C,37,7380,0.164016667,
P bur_v,P bur,200,A,40,4000,0.174369618,
P bur_v,P bur,200,B,48,7300,0.162470988,
P bur_v,P bur,200,C,51,6280,0.154498074,
CP_v,P bur,0,A,6,34,-0.181859365,-0.234839591
CP_v,P bur,0,B,6,46,-0.217275423,0.139761942
CP_v,P bur,0,C,6,59,-0.206865725,0.017094433
CP_v,P bur,50,A,18,75,0.022716992,-1.686398954
CP_v,P bur,50,B,22,82,0.043034416,-1.465398542
CP_v,P bur,50,C,14,81,0.056708287,-1.810108608
CP_v,P bur,100,A,25,109,0.065583867,-1.948527952
CP_v,P bur,100,B,27,143,0.05760531,-1.450614327
CP_v,P bur,100,C,22,119,0.073600254,-1.827526693
CP_v,P bur,200,A,25,90,0.051631862,-1.85456037
CP_v,P bur,200,B,25,106,0.082878223,-1.520709797
CP_v,P bur,200,C,18,102,0.063498566,-1.867267022
PC_v,P bur,0,A,2,43,-0.059664177,
PC_v,P bur,0,B,2,40,-0.054468379,
PC_v,P bur,0,C,0,58,-0.081693401,
PC_v,P bur,50,A,16,405,0.140102533,
PC_v,P bur,50,B,36,355,0.128403518,
PC_v,P bur,50,C,29,495,0.152581754,
PC_v,P bur,100,A,26,765,0.131254339,
PC_v,P bur,100,B,28,610,0.106512117,
PC_v,P bur,100,C,19,740,0.099737309,
PC_v,P bur,200,A,36,575,0.132447578,
PC_v,P bur,200,B,36,485,0.10744055,
PC_v,P bur,200,C,33,660,0.117752241,
Colp_v,Colp,0,A,17,2060,0.645721765,
Colp_v,Colp,0,B,10,2060,0.624438698,
Colp_v,Colp,0,C,10,1940,0.575646273,
Colp_v,Colp,50,A,9,2740,0.778378827,
Colp_v,Colp,50,B,9,2480,0.854501125,
Colp_v,Colp,50,C,9,2240,0.84957992,
Colp_v,Colp,100,A,9,2000,0.810301325,
Colp_v,Colp,100,B,13,2240,0.838205949,
Colp_v,Colp,100,C,6,2120,0.795313458,
Colp_v,Colp,200,A,8,1640,0.382869093,
Colp_v,Colp,200,B,12,1580,0.513755754,
Colp_v,Colp,200,C,17,1640,0.728922391,
Comp_v,Colp,0,A,10,1500,0.638864298,
Comp_v,Colp,0,B,33,2010,0.638521949,
Comp_v,Colp,0,C,12,1480,0.675708015,
Comp_v,Colp,50,A,10,1512.5,0.633888281,
Comp_v,Colp,50,B,7,1500,0.680065532,
Comp_v,Colp,100,A,7,660,0.39816947,
Comp_v,Colp,100,B,10,860,0.500337285,
Comp_v,Colp,100,C,26,1120,0.49974156,
Comp_v,Colp,200,A,14,300,0.266152198,
Comp_v,Colp,200,B,7,338,0.302447384,
Comp_v,Colp,200,C,7,340,0.283664841,
CP_v,Colp,0,A,48,3340,0.635146884,
CP_v,Colp,0,B,48,4580,0.60968343,
CP_v,Colp,0,C,50,3940,0.541003441,
CP_v,Colp,50,A,52,4000,0.714848958,
CP_v,Colp,50,B,45,5940,0.549306144,
CP_v,Colp,50,C,58,7140,0.728690803,
CP_v,Colp,100,A,22,1430,0.631432161,
CP_v,Colp,100,B,27,1070,0.571444494,
CP_v,Colp,100,C,20,1290,0.575646273,
CP_v,Colp,200,A,27,1370,0.67701255,
CP_v,Colp,200,B,27,1990,0.621226662,
CP_v,Colp,200,C,27,1770,0.710395398,
PC_v,Colp,0,A,54,4860,0.836599831,0.375067631
PC_v,Colp,0,B,54,6160,0.683493242,0.296377779
PC_v,Colp,0,C,47,6020,0.793835821,0.423906536
PC_v,Colp,50,A,33,3160,0.64016116,-0.235722334
PC_v,Colp,50,B,43,7120,0.886903194,0.181198592
PC_v,Colp,50,C,21,4700,0.609801726,-0.418150268
PC_v,Colp,100,A,34,3900,0.724273891,1.003302109
PC_v,Colp,100,B,26,3340,0.822727335,1.138312159
PC_v,Colp,100,C,41,3300,0.916132787,0.93928025
PC_v,Colp,200,A,47,5180,0.77936537,1.329994316
PC_v,Colp,200,B,39,8340,0.881518377,1.432928578
PC_v,Colp,200,C,36,7540,0.851577029,1.449242635